# Dashboard,ID,Account,Last name,Middle name,First name,Position,Email,Date completed,Completion time,Overall Results,"Emotional Identification, Perception, and Expression",Emotional Facilitation of Thought,Emotional Understanding,Emotional Management,Emotional Self-awareness,Awareness of Strengths and Limitations,Comfort with Emotions,Recognition of Other's Emotions,Rumination,Problem-Solving,Positive Mindset,Emotional Reflection,Emotional Integration,Conflict-Resolution Knowledge,Empathy,Social Insight,Self-Control,Resilience/Hardiness,Coping Skills,Self-Motivation,Striving,Emotional Selectivity,Adaptable Social Skills,Conflict-Resolution Behavior,Account_manssa,Last name_manssa,Middle name_manssa,First name_manssa,Date completed_manssa,Completion time_manssa,Typology 1,Typology 2,Impression Management,Overall Score,"Planning, Organizing, & Controlling",Goal Setting,Information Gathering & Analysis,Problem-Solving_manssa,Organization Skills,Proactive Approach,Monitoring Employee Performance,Measuring & Evaluating Results,Project Management,Staffing & HR Functions,Recruitment & Hiring,Building Effective Teams,Training & Onboarding,Succession Planning,Leading,Coaching & Mentoring,Rewarding Performance,Fairness,Supportiveness,Managing Diversity,Managerial Courage,Charisma,Business Skills,Innovative Mindset,Calculated Risk-Taking,Negotiating Ability,Customer Orientation,Integrity & Ethics,Soft Skills & Teamwork,Communication Skills,Listening Skills,Social Insight_manssa,Conflict Management,Patience,Approachability,Intrapersonal Skills,Accountability,Change Management,Drive,Positive Mindset_manssa,Steady Effort,Key Skills,Necessary Skills,Beneficial Skills,LIS
D12: Corporate Communications and Training,LDP0394,LDP100,Finchum,,Donald,CORPORATE CULTURE & TRAINING MANAGER,d.finchum31@anondomain.com,,,131,83,96,79,94,96,96,82,70,0,94,96,92,79,83,80,100,96,100,96,100,100,94,96,73,Nesma,Amani,,Alali,,,The Mentoring Leader,,,90,87,97,98,78,98,96,92,100,83,92,92,88,90,95,98,98,96,98,97,96,100,100,92,100,89,84,93,96,95,96,86,100,89,98,100,88,93,83,100,79,86,95.25,92.2,95.2,90.505
D4: Logistics and Site Management,LDP4315,LDP100,Clark,,Susan,SITE MANAGER - CIVIL,s.clark59@anondomain.com,2025-01-14,01:08:55,107,75,73,69,73,72,74,72,64,20,90,72,52,60,52,75,90,86,62,84,86,88,63,66,52,LDP 100,Alhasan,,Naif,2025-01-14,03:20:48,The Visionary Leader,The Empowering Delegator,0.0,69,76,73,76,70,81,78,78,60,93,67,39,87,100,65,69,73,78,66,53,88,61,82,78,69,70,85,83,96,71,68,58,81,83,66,68,59,68,50,73,35,73,80.0,77.0,61.6,73.314
D6: Procurement and Supply Chain Management,LDP0127,LDP100,Mendoza,,John,PROCUREMENT MANAGER-OFFICE SUPPLY,j.mendoza41@anondomain.com,2025-01-10,01:17:10,110,71,67,74,83,62,72,50,73,44,80,66,66,63,62,72,100,72,68,88,72,90,88,88,95,LDP 100,Therese,Hayek,Hakim,2025-01-09,02:29:52,The Go-Getter Leader,The Empowering Delegator,30.0,77,81,97,86,88,95,92,100,63,93,76,64,89,100,70,80,90,82,68,100,56,73,92,75,84,84,65,81,44,79,72,76,85,79,83,87,77,68,80,93,86,64,78.0,81.5,81.0,76.205
D5: Engineering and Technical Management,LDP4802,LDP100,Spegal,,Juan,COMMISSIONING MANAGER,j.spegal48@anondomain.com,2025-01-13,02:24:32,109,68,80,68,85,76,82,62,48,20,100,80,62,59,72,51,90,60,86,100,92,100,94,72,75,LDP 100,Youssef,,Moustafa,2025-01-14,03:58:03,The Go-Getter Leader,The Empowering Delegator,10.0,82,83,85,64,57,93,82,68,76,93,78,75,81,74,86,87,89,84,95,92,92,81,96,86,93,84,66,97,100,80,82,66,84,77,81,97,77,67,64,97,81,71,81.2,74.5,82.4,75.42099999999999
D13: Administrative and Support Services,LDP1313,LDP100,Kingsley,,Ruth,SUPPORT SERVICES MANAGER,r.kingsley18@anondomain.com,2025-01-12,01:37:15,114,72,71,82,88,62,84,60,53,38,100,78,44,59,95,75,100,74,96,92,76,100,88,84,95,LDP 100,Al-Yami,,Yousif,2025-01-12,03:37:22,The Mentoring Leader,The Empowering Delegator,10.0,80,77,93,89,70,93,96,67,69,91,80,75,89,60,84,79,88,81,60,90,54,77,96,88,88,91,91,93,64,81,88,66,94,70,76,90,84,77,86,100,83,76,89.5,79.6,89.2,81.194
D11: Corporate Strategy and Business Development,LDP1102,LDP100,Lavin,,Rhonda,BUSINESS & MARKET INTELLIGENCE MANAGER,r.lavin29@anondomain.com,2025-01-09,00:41:04,111,74,70,70,85,70,90,80,68,54,100,66,68,63,80,53,84,82,70,96,88,100,81,80,83,LDP 100,Taj,,Jamal,2025-01-09,01:00:26,The Mentoring Leader,The Empowering Delegator,40.0,83,77,93,100,83,98,86,78,75,85,82,93,58,100,90,84,92,87,63,100,76,90,88,86,100,91,59,89,100,92,96,90,93,81,93,100,86,78,83,100,85,80,89.6,83.0,92.6,81.444
D5: Engineering and Technical Management,LDP5598,LDP100,Pults,,Scott,CONSTRUCTION MANAGER-MEP,s.pults27@anondomain.com,2025-01-13,01:02:34,108,70,75,77,73,52,78,28,72,22,76,80,66,53,67,90,100,60,82,76,78,88,88,44,67,LDP 100,Shmayssani,,Jad,2025-01-12,02:51:27,The Go-Getter Leader,The Empowering Delegator,10.0,78,79,93,93,67,85,86,77,79,91,79,69,77,100,85,88,93,90,89,88,68,85,96,81,81,77,66,100,88,72,72,66,89,64,54,83,76,72,69,97,61,77,76.0,78.25,77.2,74.1805
D4: Logistics and Site Management,LDP0582,LDP100,Hurtado,,Jannie,SITE MANAGER - CIVIL,j.hurtado16@anondomain.com,2025-01-13,02:08:34,109,69,61,80,88,50,80,70,35,76,100,76,44,78,62,79,100,72,96,88,96,100,94,100,62,LDP 100,Hawilo,,Mahmoud,2025-01-11,03:40:05,The Visionary Leader,The Empowering Delegator,0.0,79,85,87,82,78,93,88,83,85,89,77,57,81,100,80,77,85,66,85,88,84,70,82,82,88,84,70,86,78,81,72,64,84,86,83,97,74,77,83,87,71,69,86.2,83.75,79.8,78.6295
D4: Logistics and Site Management,LDP0521,LDP100,Duke,,Dawn,SITE MANAGER-ELECTRICAL,d.duke29@anondomain.com,2025-01-13,01:21:46,111,75,69,78,78,58,84,68,69,34,100,72,40,73,67,82,90,86,86,64,88,83,75,78,67,LDP 100,Daou,,Fares,2025-01-12,01:55:38,The Middle of the Road Leader,The Empowering Delegator,10.0,78,77,78,84,83,86,68,95,88,83,88,80,90,100,86,84,95,90,69,88,92,81,84,74,74,59,61,100,92,76,80,54,79,56,78,93,76,77,76,78,81,71,85.2,82.25,77.8,78.63449999999999
D3: Senior Management - Operations and Logistics,LDP0056,LDP100,Poole,,Cynthia,PROJECT MANAGER-INDUSTRIAL,c.poole55@anondomain.com,2025-01-12,00:51:42,97,64,61,75,68,50,62,56,60,78,94,62,66,53,92,67,90,38,66,74,70,78,75,72,72,Nesma,El Chami,,Hassan,,,The Hands-off Leader,,,68,71,70,70,83,75,62,88,84,84,81,68,77,100,85,67,57,71,60,72,66,68,56,69,65,66,59,71,78,66,5,58,75,71,60,67,63,60,64,77,48,74,61.4,75.5,64.4,65.271
D5: Engineering and Technical Management,LDP5325,LDP100,Fanning,,Daniel,CONSTRUCTION MANAGER-CIVIL,d.fanning99@anondomain.com,2025-01-14,01:15:28,121,77,73,85,86,80,82,68,77,18,100,76,36,91,93,75,80,62,78,92,92,100,94,78,93,LDP 100,Chemayssani,,Ali,2025-01-15,01:33:09,The Mentoring Leader,The Empowering Delegator,0.0,86,93,97,96,78,98,96,87,90,90,87,85,78,90,95,90,93,93,80,93,84,92,88,84,78,94,84,81,68,83,92,70,77,81,91,93,84,85,79,97,83,79,89.2,86.25,83.6,83.5965
"D8: Health, Safety, and Security",LDP8111,LDP100,Bridge,,Laticia,SR. IT SECURITY MANAGER,l.bridge31@anondomain.com,2025-01-14,02:13:25,117,74,83,75,83,76,64,72,68,0,100,96,36,75,62,64,100,96,100,92,96,50,94,76,62,LDP 100,Alkhamis,,Zuhair,2025-01-23,03:48:55,The Go-Getter Leader,The Empowering Delegator,20.0,84,82,100,96,87,98,100,78,88,98,84,79,67,100,95,88,93,96,68,93,56,100,96,90,91,100,78,100,84,79,100,70,67,74,79,82,96,97,93,100,95,97,98.25,90.6,89.0,86.511
D5: Engineering and Technical Management,LDP5010,LDP100,Gaunt,,Tasha,SR. PLANNING MANAGER,t.gaunt91@anondomain.com,2025-01-14,00:59:43,102,67,63,76,71,68,66,44,58,24,60,62,56,83,53,77,90,88,56,72,56,95,69,72,62,LDP 100,Taha,Abu,Anwar,2025-01-19,01:56:27,The Visionary Leader,The Empowering Delegator,0.0,70,68,70,77,87,68,78,83,52,85,81,80,80,94,73,70,80,64,66,82,80,52,82,74,95,59,73,70,78,75,78,64,85,57,76,92,58,67,64,47,60,33,70.8,66.5,77.2,68.553
D6: Procurement and Supply Chain Management,LDP6200,LDP100,Townsend,,Agnes,PROCUREMENT MANAGER-EXPEDITING,a.townsend96@anondomain.com,2025-01-21,01:42:27,118,76,68,73,93,60,100,50,79,36,100,64,46,46,78,79,90,86,100,96,96,100,81,100,82,LDP 100,Aldarazi,,Ahmad,2025-01-20,02:50:56,The Mentoring Leader,The Empowering Delegator,50.0,88,86,100,96,88,100,100,100,76,93,88,83,96,90,90,92,100,92,79,97,86,95,96,92,98,100,85,81,96,93,96,100,93,90,83,100,84,70,86,93,98,73,87.0,93.0,94.8,84.562
D4: Logistics and Site Management,LDP4728,LDP100,Thomas,,Scott,SITE MANAGER-ELECTRICAL,s.thomas60@anondomain.com,2025-01-18,01:40:31,122,79,80,81,89,76,90,66,78,14,100,92,42,68,92,66,100,82,86,88,100,100,81,82,92,LDP 100,Suleiman,,Hussain,2025-01-17,02:28:59,The Mentoring Leader,The Empowering Delegator,20.0,86,87,100,98,95,95,96,95,60,90,77,81,86,64,75,87,100,87,84,97,74,85,80,94,98,89,90,97,100,90,88,74,98,86,95,93,88,93,87,83,95,71,93.2,81.75,90.4,84.8635
D12: Corporate Communications and Training,LDP1201,LDP100,Michael,,Danny,TRAINING & DEVELOPMENT MANAGER,d.michael90@anondomain.com,2025-01-22,03:59:22,93,57,67,78,63,32,56,38,51,44,90,52,70,68,78,66,100,32,70,50,78,95,88,40,53,LDP 100,Alolaywi,,Mohammed,2025-01-20,04:53:43,The Middle of the Road Leader,The Empowering Delegator,10.0,69,70,83,82,78,58,82,78,94,90,77,63,83,70,88,67,81,67,70,88,82,29,82,80,85,63,84,97,76,69,76,54,83,56,59,90,63,67,71,57,60,46,77.5,69.0,74.6,68.45400000000001
D4: Logistics and Site Management,LDP4120,LDP100,Smiler,,Audrey,SITE MANAGER-MECHANICAL,a.smiler84@anondomain.com,2025-01-22,02:27:16,108,65,77,83,74,62,62,34,63,32,90,78,72,81,82,75,96,50,78,78,70,83,69,78,85,LDP 100,Abu Raidah,,Abdullah,2025-01-19,03:02:14,The Parental Leader,The Empowering Delegator,30.0,74,78,83,69,83,79,88,100,81,86,76,56,83,90,81,69,85,87,73,82,50,31,88,79,89,74,66,94,72,84,78,58,94,84,85,100,67,73,54,70,58,64,81.2,87.0,74.2,77.30799999999999
D10: Financial and Risk Control,LDP1001,LDP100,Lobur,,James,ACCOUNTS PAYABLE MANAGER,j.lobur69@anondomain.com,2025-01-21,01:47:00,123,79,76,89,92,86,96,60,50,0,100,84,20,88,88,92,90,100,100,90,90,100,81,82,92,LDP 100,Mohamed,,Ahmed,2025-01-20,03:25:35,The Mentoring Leader,The Empowering Delegator,100.0,91,83,100,100,83,100,100,75,91,98,92,91,83,100,95,97,100,100,100,100,100,86,100,98,98,100,93,96,100,94,92,92,100,96,80,100,94,100,76,83,94,100,97.75,95.8,95.0,89.59299999999999
D5: Engineering and Technical Management,LDP5501,LDP100,Pangallo,,Joseph,CONSTRUCTION MANAGER-MEP,j.pangallo47@anondomain.com,2025-01-20,02:10:13,129,88,72,86,93,100,100,80,73,40,90,60,80,94,73,83,94,100,90,96,90,100,100,96,73,LDP 100,Yazdani,,Nayar,2025-01-15,03:38:56,The Mentoring Leader,The Empowering Delegator,30.0,86,84,97,98,70,100,100,92,69,93,77,84,54,100,83,85,98,87,73,100,54,78,100,89,93,100,78,89,84,94,96,90,100,79,100,100,99,97,100,100,98,100,95.2,75.0,89.0,85.52000000000001
D4: Logistics and Site Management,LDP4242,LDP100,Duggan,,Katherine,SITE MANAGER - CIVIL,k.duggan30@anondomain.com,2025-01-19,02:35:23,108,67,72,84,74,44,76,34,64,34,90,72,60,75,78,84,100,56,72,80,62,75,100,72,78,LDP 100,Gilani,Irshad,Syed,2025-01-14,03:10:01,The Mentoring Leader,The Empowering Delegator,30.0,75,71,77,84,83,79,56,97,59,84,73,73,76,90,69,82,95,94,76,93,72,61,88,76,73,50,83,100,84,77,92,76,75,66,85,80,77,87,61,83,80,74,86.4,74.5,78.8,76.657
D6: Procurement and Supply Chain Management,LDP6001,LDP100,Schmit,,Daisy,PROCUREMENT MANAGER-EXPEDITING,d.schmit65@anondomain.com,2025-01-20,02:16:12,96,68,68,46,73,84,96,68,61,56,100,54,76,38,48,48,50,56,92,74,82,95,69,44,75,LDP 100,Al Dakhil,,Mohammed,2025-01-14,01:52:10,The Go-Getter Leader,The Empowering Delegator,30.0,73,72,88,87,53,73,92,57,75,73,70,68,59,60,85,83,90,74,80,93,80,88,88,66,86,66,63,30,72,69,56,76,75,61,54,87,82,73,87,93,83,74,81.6,69.25,79.6,70.98649999999999
D5: Engineering and Technical Management,LDP5135,LDP100,Black,,Garrett,CONSTRUCTION MANAGER-CIVIL,g.black31@anondomain.com,2025-01-24,01:20:43,120,77,81,83,88,62,96,66,58,22,100,80,66,63,90,80,100,84,90,88,100,83,100,66,90,LDP 100,Valera,,Rommel,2025-01-24,02:58:30,The Go-Getter Leader,The Empowering Delegator,10.0,75,71,87,86,62,93,88,83,60,86,73,69,66,80,86,72,85,80,76,93,50,44,84,77,81,83,55,93,76,83,84,78,87,74,85,82,84,72,79,97,93,93,84.2,71.5,77.6,78.059
D6: Procurement and Supply Chain Management,LDP6466,LDP100,Mccauley,,Preston,ESTIMATION MANAGER-ELECTRICAL,p.mccauley74@anondomain.com,2025-01-22,01:18:44,102,65,53,86,71,62,62,32,64,58,70,60,40,84,92,79,90,48,52,80,64,80,69,78,95,LDP 100,Warrier,,Vasudeva,2025-02-04,01:56:29,The Visionary Leader,The Empowering Delegator,10.0,76,79,80,88,70,76,80,82,85,79,92,86,86,100,100,68,68,76,71,75,72,50,68,75,69,63,84,94,68,75,80,72,76,86,73,70,68,65,76,65,74,54,77.4,79.5,73.6,72.939
D5: Engineering and Technical Management,LDP5299,LDP100,Graves,,Emma,CONSTRUCTION MANAGER-MEP,e.graves14@anondomain.com,2025-01-24,02:10:08,87,54,58,77,65,38,52,20,38,54,84,58,44,55,80,74,100,40,54,64,68,90,81,82,43,LDP 100,Abu Ahmadeh,,Ali,2025-01-19,03:57:51,The Visionary Leader,The Empowering Delegator,0.0,69,71,70,78,70,78,68,78,71,83,75,59,69,100,81,70,74,70,83,85,76,45,62,70,80,64,59,79,64,72,70,70,75,74,69,88,64,58,47,67,74,54,68.4,73.0,67.4,64.316
D4: Logistics and Site Management,LDP4038,LDP100,Mears,,Deborah,SITE MANAGER-ELECTRICAL,d.mears48@anondomain.com,2025-01-28,02:44:49,123,78,85,79,91,86,86,64,60,20,100,76,86,69,77,81,90,100,86,96,86,100,100,88,72,LDP 100,Alrabaya,,Khaled,2025-01-15,05:48:00,The Mentoring Leader,The Empowering Delegator,40.0,87,81,92,83,87,100,90,92,98,93,91,81,94,100,91,91,98,88,78,100,92,94,100,93,91,83,94,100,100,91,96,90,94,89,94,88,86,97,71,100,81,89,97.2,93.25,90.4,88.4785
D5: Engineering and Technical Management,LDP5673,LDP100,Lo,,Charles,COMMISSIONING MANAGER,c.lo62@anondomain.com,2025-01-27,02:37:33,103,72,67,64,76,86,90,40,70,54,70,62,92,50,62,61,84,66,76,76,66,93,81,92,62,LDP 100,Owida,,Mohamed,2025-01-26,03:39:03,The Visionary Leader,The Empowering Delegator,10.0,70,71,85,77,72,66,78,92,66,66,79,70,92,90,74,74,80,78,80,72,96,64,50,74,83,57,79,86,72,71,74,56,63,71,78,88,58,67,50,62,48,50,65.4,76.5,76.0,68.925
D3: Senior Management - Operations and Logistics,LDP3984,LDP100,Gonzales,,Tracy,SR.PROJECT MANAGER,t.gonzales60@anondomain.com,2025-01-24,02:14:33,108,69,74,66,81,50,66,68,77,40,100,76,60,48,63,73,80,88,96,70,84,85,63,84,77,LDP 100,El Jammal,,Waleed,2025-01-24,03:32:21,The Go-Getter Leader,The Empowering Delegator,10.0,80,83,93,88,72,84,78,83,66,89,76,83,61,80,86,84,96,84,70,88,44,94,96,75,86,74,61,84,56,83,92,58,98,71,80,97,76,77,66,100,80,63,84.8,71.5,84.6,76.069
D5: Engineering and Technical Management,LDP5923,LDP100,Robinson,,Michele,CONSTRUCTION MANAGER-CIVIL,m.robinson73@anondomain.com,2025-01-25,04:35:14,96,59,71,70,66,46,68,50,49,20,74,62,66,65,72,66,76,50,62,68,64,90,75,52,65,LDP 100,Bshara,,Ayham,2025-01-21,04:57:36,The Permissive Leader,The Empowering Delegator,0.0,68,70,70,64,60,71,68,73,95,73,79,66,69,100,89,69,86,73,71,72,62,53,66,65,65,61,53,77,70,71,72,76,78,47,55,93,59,67,46,60,63,46,66.4,68.75,63.6,64.8815
D4: Logistics and Site Management,LDP4413,LDP100,Hunt,,Sara,SITE MANAGER-ELECTRICAL,s.hunt12@anondomain.com,2025-01-26,02:01:56,117,79,80,83,79,72,92,62,65,20,100,70,72,84,65,85,100,78,66,86,92,93,69,80,68,LDP 100,Mikati,,Ibrahim,2025-01-14,02:25:17,The Mentoring Leader,The Empowering Delegator,10.0,81,85,90,96,92,98,88,88,79,96,84,76,89,100,85,88,95,93,78,93,84,88,96,82,88,89,63,94,82,82,88,64,88,76,89,90,69,63,69,93,70,53,89.0,83.0,77.2,81.078
D5: Engineering and Technical Management,LDP5244,LDP100,Burrell,,Odell,INTERFACE MANAGER,o.burrell46@anondomain.com,2025-01-27,02:29:33,119,80,71,74,87,92,90,76,62,4,66,80,40,59,78,79,80,80,90,64,96,93,100,90,83,LDP 100,Aljudaibi,,Sabri,2025-01-26,04:43:46,The Go-Getter Leader,The Empowering Delegator,20.0,77,77,93,77,78,95,96,87,79,88,73,27,82,100,100,75,84,92,46,78,54,83,66,77,86,89,59,76,78,83,80,74,93,74,76,100,79,72,87,100,76,79,78.6,78.0,68.0,76.88
D4: Logistics and Site Management,LDP4366,LDP100,Vargas,,David,SITE MANAGER-ELECTRICAL,d.vargas39@anondomain.com,2025-01-29 00:00:00,00:39:16,113,72,76,91,73,50,68,50,70,28,100,72,60,100,72,91,100,56,86,84,60,80,81,66,72,LDP 100,Alhabibi,,Wael,2025-01-24,01:38:03,The Go-Getter Leader,The Empowering Delegator,10.0,73,76,82,84,100,84,88,100,100,94,83,66,80,100,94,74,83,73,50,83,26,94,84,75,85,89,65,86,36,71,50,32,89,81,68,83,75,72,83,93,83,50,80.0,90.25,77.0,79.08250000000001
D12: Corporate Communications and Training,LDP1210,LDP100,Hoskinson,,Randy,COMMUNICATIONS MANAGER,r.hoskinson25@anondomain.com,2025-02-01,01:15:27,90,54,57,74,67,22,44,32,50,46,84,62,28,56,67,75,100,44,60,40,64,88,94,82,67,LDP 100,Alsultan,,Salsabeel,2025-02-01,02:28:02,The Hands-off Leader,The Empowering Delegator,0.0,70,67,75,64,75,65,68,83,81,81,80,72,82,94,77,72,66,57,85,60,88,80,68,76,75,59,79,90,76,64,46,40,82,76,69,55,67,68,60,83,68,57,70.25,68.8,62.0,64.30300000000001
D3: Senior Management - Operations and Logistics,LDP3236,LDP100,Harvey,,Donald,PROJECT MANAGER-CIVIL,d.harvey74@anondomain.com,2025-02-02,01:11:13,120,81,81,75,88,88,80,74,74,18,100,72,70,51,77,72,100,84,100,84,78,90,100,88,77,LDP 100,Geara,,Andre,2025-02-01,02:20:27,The Visionary Leader,The Empowering Delegator,0.0,77,76,78,80,78,83,68,83,73,87,72,58,76,100,65,84,85,86,80,83,74,80,96,81,85,69,75,96,80,83,92,70,90,81,90,77,66,82,64,80,60,59,85.0,77.5,85.6,80.27899999999998
D4: Logistics and Site Management,LDP4324,LDP100,Hamada,,Charles,SITE MANAGER - CIVIL,c.hamada41@anondomain.com,2025-02-03,03:01:31,101,59,68,59,74,62,62,42,80,28,90,60,50,63,65,47,60,80,66,76,60,95,88,62,65,LDP 100,Mohammad,,Hallab,2025-02-01,03:40:23,The Visionary Leader,The Empowering Delegator,0.0,66,62,87,70,57,80,76,65,41,83,56,65,40,34,75,67,75,83,58,85,32,47,78,67,68,70,48,86,64,71,78,64,79,73,51,90,74,65,84,73,75,63,79.2,54.75,66.4,67.2335
D12: Corporate Communications and Training,LDP1255,LDP100,Phillips,,Raymond,DIRECTOR - CORPORATE COMMUNICATION,r.phillips55@anondomain.com,2025-02-02,01:14:31,122,76,90,94,85,72,92,74,34,22,100,92,90,94,97,85,100,60,86,88,80,100,81,92,97,LDP 100,Aljishi,,Salam,2025-01-27,01:29:55,The Mentoring Leader,The Empowering Delegator,10.0,86,89,100,96,92,89,100,92,85,95,87,71,91,100,90,87,85,74,95,83,96,96,74,95,98,87,94,100,96,83,68,66,96,90,88,73,83,90,97,83,66,79,88.25,84.2,85.2,83.42500000000001
D6: Procurement and Supply Chain Management,LDP1230,LDP100,Sparrow,,Myron,PROCUREMENT MANAGER-MECHANICAL,m.sparrow68@anondomain.com,2025-02-01,03:22:27,111,68,74,77,82,80,72,56,49,26,100,60,64,76,82,62,90,78,86,72,88,93,88,72,82,LDP 100,Ghazi Ibrahim,,Ayman,2025-01-25,05:36:25,The Mentoring Leader,The Empowering Delegator,0.0,85,91,88,84,100,81,66,100,98,95,87,75,92,100,85,84,85,79,90,77,92,96,52,85,78,63,100,97,92,84,92,80,79,87,88,87,84,87,87,75,84,81,92.8,86.75,81.6,82.2015
D4: Logistics and Site Management,LDP4127,LDP100,Craft,,Roxanne,SITE MANAGER-MECHANICAL,r.craft57@anondomain.com,2025-02-03,02:00:08,115,73,76,80,84,62,82,54,66,18,82,86,56,63,83,73,100,88,64,80,92,80,94,88,87,LDP 100,Hamdan,,Hesham,2025-02-02,03:57:09,The Parental Leader,The Empowering Delegator,0.0,76,76,80,74,92,85,82,92,84,98,76,66,78,90,81,78,79,76,78,85,76,79,62,81,84,67,79,94,82,79,80,66,83,86,83,77,73,68,83,78,65,77,82.6,85.0,75.6,79.03399999999999
D12: Corporate Communications and Training,LDP1202,LDP100,Boyer,,Evelyn,CORPORATE TRAINING CENTER MANAGER,e.boyer86@anondomain.com,2025-01-30,01:52:34,112,81,75,80,76,76,92,60,61,38,100,80,60,46,75,98,100,50,86,92,90,93,81,44,75,LDP 100,Baeshin,,Hani,2025-02-02,03:11:42,The Go-Getter Leader,The Empowering Delegator,40.0,78,70,97,69,53,85,96,72,90,80,77,64,78,70,90,85,89,71,80,92,86,98,100,86,93,89,66,93,100,79,92,80,81,47,76,85,79,75,61,97,69,94,87.0,76.0,85.8,78.582
D10: Financial and Risk Control,LDP1058,LDP100,Vanschaick,,Goldie,ADMIN ACCOUNTS CONTROLLER,g.vanschaick12@anondomain.com,2025-01-31,00:41:24,112,65,77,83,79,50,58,44,73,22,90,74,66,78,92,64,100,72,78,84,76,78,94,78,77,LDP 100,ALATTAS,,HASSAN,2025-01-31,01:24:00,The Middle of the Road Leader,The Empowering Delegator,10.0,76,77,80,76,67,83,80,87,98,82,81,56,87,100,90,72,84,78,70,82,68,53,80,79,80,71,76,94,78,84,80,78,88,80,94,85,72,70,69,80,74,67,83.5,80.2,76.2,77.55000000000001
D5: Engineering and Technical Management,LDP5532,LDP100,Thurgood,,Paul,CONSTRUCTION MANAGER-CIVIL,p.thurgood35@anondomain.com,2025-02-03,02:11:07,103,66,64,75,71,34,74,44,70,44,80,68,54,71,55,72,100,56,68,68,60,78,100,84,58,LDP 100,ALZBOON,,ODEH,2025-02-01,03:12:21,The Middle of the Road Leader,The Empowering Delegator,10.0,78,84,83,86,63,79,84,88,95,83,84,74,74,100,94,80,83,91,80,90,76,69,68,77,79,71,75,93,62,76,74,72,78,83,68,87,68,55,73,80,65,67,73.0,84.5,77.2,72.993
D4: Logistics and Site Management,LDP4433,LDP100,Davis,,Virginia,SITE MANAGER - CIVIL,v.davis99@anondomain.com,2025-02-03,01:06:02,116,70,81,80,84,68,74,40,69,0,94,80,50,69,82,69,100,88,82,72,76,100,100,88,65,LDP 100,Merhi,,Mouhamed,2025-02-02,01:46:45,The Go-Getter Leader,The Empowering Delegator,0.0,80,82,83,89,88,88,88,92,85,89,86,78,90,100,88,86,87,91,81,83,84,86,78,85,93,83,64,97,92,76,80,72,86,73,64,87,70,82,73,75,58,63,86.6,85.0,80.0,81.03
D10: Financial and Risk Control,LDP1052,LDP100,Mckenzie,,Joann,CORPORATE COSTING MANAGER,j.mckenzie94@anondomain.com,2025-02-04,02:17:58,122,82,85,91,80,80,82,74,65,18,90,82,86,85,88,92,100,68,82,84,92,83,88,66,82,LDP 100,Issa,,Nour,2025-01-31,03:51:15,The Parental Leader,The Empowering Delegator,10.0,77,85,70,82,80,81,68,87,79,89,82,74,72,100,94,76,78,77,78,88,66,72,68,72,65,59,71,83,88,77,84,56,83,81,78,82,69,73,59,78,74,59,81.0,81.2,71.8,79.414
D3: Senior Management - Operations and Logistics,LDP3345,LDP100,Springfield,,Mary,SOFTWARE IMPLEMENTATION MANAGER,m.springfield65@anondomain.com,2025-02-03,01:53:20,114,77,72,84,73,70,74,68,68,14,82,66,54,81,73,81,100,66,58,58,88,88,81,72,77,LDP 100,Al-Shuwaiki,,Hesham,2025-02-02,03:14:28,The Visionary Leader,The Empowering Delegator,0.0,74,75,78,73,78,81,72,87,98,86,85,74,83,80,100,75,81,78,65,78,68,75,68,70,65,67,59,90,76,74,68,84,79,71,73,78,72,73,67,70,68,71,75.2,81.25,68.8,75.41449999999999
D3: Senior Management - Operations and Logistics,LDP3409,LDP100,Brown,,Robert,CORPORATE PROJECT CONTROL MANAGER,r.brown94@anondomain.com,2025-02-16,01:11:40,111,75,75,73,75,62,88,72,63,40,84,84,72,56,72,85,80,76,82,68,78,73,88,72,67,LDP 100,Khayyat,,Amro,2025-01-22,02:25:53,The Hands-off Leader,The Doubtful Delegator,0.0,70,66,70,69,45,83,62,78,74,88,77,64,81,90,84,76,85,84,64,90,82,63,78,63,60,50,68,86,46,73,72,62,86,69,54,100,64,68,57,73,51,79,73.8,73.25,75.6,73.1265
D4: Logistics and Site Management,LDP4522,LDP100,Robles,,Eugene,SITE MANAGER-MECHANICAL,e.robles28@anondomain.com,2025-02-10,03:38:27,111,70,71,83,80,78,78,42,52,24,74,68,66,68,92,72,100,48,72,74,76,83,100,92,95,LDP 100,Samarah,,Senan,2025-02-02,07:00:36,The Mentoring Leader,The Empowering Delegator,0.0,78,74,90,72,83,74,92,92,84,84,84,66,77,100,100,82,85,84,90,97,68,77,62,82,88,66,83,93,80,84,92,60,92,86,88,88,70,75,69,82,64,66,79.8,84.75,81.2,77.84549999999999
D3: Senior Management - Operations and Logistics,LDP3764,LDP100,Patton,,Stephen,AREA OFFICE MANAGER,s.patton76@anondomain.com,2025-02-16,01:53:22,108,67,64,75,81,50,88,62,68,60,100,84,34,68,95,77,60,74,82,88,62,95,56,92,95,LDP 100,Almalki,,Jasem,2025-02-13,04:55:16,The Go-Getter Leader,The Empowering Delegator,0.0,73,73,78,91,67,85,78,78,76,85,77,75,77,100,71,68,87,69,69,87,26,62,68,74,81,69,65,79,78,76,82,64,74,77,74,90,78,80,73,90,81,69,84.0,80.25,80.0,77.25250000000001
D2: Executive Level Operations,LDP2222,LDP100,Mackiewicz,,Arlene,DIRECTOR - PROJECT CONTROLS,a.mackiewicz52@anondomain.com,2025-02-15,01:39:56,119,74,78,86,85,78,74,44,68,18,94,70,66,75,90,87,90,74,86,88,76,83,100,88,85,LDP 100,Bayoumi,,Mahmoud,2025-02-15,02:18:27,The Middle of the Road Leader,The Empowering Delegator,0.0,77,82,85,96,72,95,86,75,85,87,73,71,72,80,71,85,92,79,73,97,66,94,78,74,74,74,73,71,74,77,80,66,73,67,85,87,70,73,63,83,61,70,84.0,74.25,80.6,78.8465
D10: Financial and Risk Control,LDP1048,LDP100,Mitchell,,George,ACCOUNTS CONTROLLER,g.mitchell31@anondomain.com,2025-02-14,01:17:03,112,66,75,71,85,50,78,50,73,34,100,62,72,55,83,72,74,92,88,74,74,88,94,84,83,LDP 100,Karkera,,Sudhir,2025-01-31,03:02:53,The Parental Leader,The Empowering Delegator,50.0,74,75,85,81,80,83,82,88,80,84,81,74,81,100,82,73,77,77,73,93,36,73,62,75,88,67,66,67,70,78,70,96,85,57,81,80,79,68,84,87,88,74,82.25,72.0,83.2,76.083
D13: Administrative and Support Services,LDP1388,LDP100,Depue,,Debra,DIRECTOR - ADMINISTRATION,d.depue30@anondomain.com,2025-02-13,01:18:29,114,77,78,77,79,68,88,64,78,8,100,66,54,65,78,65,100,86,90,76,86,88,100,66,37,LDP 100,AL MILAIFY,,SAMI,2025-02-13,02:11:58,The Mentoring Leader,The Empowering Delegator,20.0,85,86,100,96,83,100,100,100,98,90,86,87,80,80,93,86,95,87,80,97,68,91,84,85,93,89,73,94,80,87,92,70,87,89,94,92,89,78,86,97,86,100,92.5,91.6,88.8,84.578
D5: Engineering and Technical Management,LDP5284,LDP100,Hoang,,Linda,CONSTRUCTION MANAGER-CIVIL,l.hoang72@anondomain.com,2025-02-10,02:20:46,104,69,67,72,77,78,82,50,51,16,54,62,66,31,100,76,80,74,76,68,70,83,69,76,100,LDP 100,ALQUDAH,,OBIEDA,2025-02-08,04:29:29,The Middle of the Road Leader,The Empowering Delegator,0.0,77,78,73,69,88,88,78,97,69,82,77,68,71,90,88,79,91,79,73,77,56,79,88,75,75,71,59,84,100,85,80,78,80,97,93,85,71,80,57,93,55,77,70.6,76.5,71.0,70.43499999999999
D4: Logistics and Site Management,LDP4089,LDP100,Campbell,,Michael,SITE MANAGER - CIVIL,m.campbell72@anondomain.com,2025-02-10,01:49:25,118,72,77,80,84,62,78,68,77,16,100,72,54,90,85,71,74,84,96,66,78,95,94,78,83,LDP 100,Harb,,Fayssal,2025-02-10,03:09:39,The Go-Getter Leader,The Empowering Delegator,20.0,70,69,87,60,62,74,88,83,73,78,62,59,64,70,61,70,85,61,80,72,68,55,82,72,83,74,43,90,74,77,68,76,85,73,76,85,81,77,84,87,81,74,79.4,73.25,70.6,75.95649999999999
D4: Logistics and Site Management,LDP4998,LDP100,Talamantes,,Raymond,SITE MANAGER - CIVIL,r.talamantes56@anondomain.com,2025-02-15,01:19:31,117,73,78,81,88,62,96,58,61,28,100,70,72,75,90,75,84,82,90,90,82,100,81,92,85,LDP 100,Abou Mrad,,Ghassan,2025-02-15,02:29:43,The Mentoring Leader,The Empowering Delegator,30.0,82,85,77,79,92,100,60,88,100,98,80,73,67,90,91,85,87,78,69,100,88,89,88,76,74,64,78,81,90,87,92,76,84,83,100,92,79,93,76,92,65,83,96.6,84.5,83.0,84.195
D5: Engineering and Technical Management,LDP5264,LDP 100,Hackshaw,,Lee,CONSTRUCTION MANAGER-CIVIL,l.hackshaw19@anondomain.com,2025-02-19,02:20:28,111,70,71,77,84,50,78,62,55,30,100,56,60,63,70,93,84,74,96,82,72,88,94,96,73,LDP 100,Mendoza,,Ronnelio,2025-02-19,02:57:48,The Go-Getter Leader,The Empowering Delegator,30.0,77,80,100,96,70,100,100,77,76,93,71,68,66,64,85,86,100,89,59,100,40,94,100,76,98,100,35,74,50,80,86,70,90,53,73,97,70,43,67,100,71,71,77.8,72.75,79.4,74.5635
D4: Logistics and Site Management,LDP4663,LDP 100,Rodriguez,,Rodney,SITE MANAGER-INDUSTRIAL,r.rodriguez56@anondomain.com,2025-02-19,00:48:06,110,70,62,84,79,50,74,56,69,68,100,56,60,76,87,73,100,56,78,74,88,90,94,64,87,LDP 100,Shadid,,George,2025-02-19,01:47:05,The Middle of the Road Leader,The Empowering Delegator,20.0,76,79,82,84,63,81,78,88,89,87,80,76,64,100,93,79,87,89,64,97,62,74,86,74,76,71,69,86,66,79,78,60,83,77,85,93,69,58,76,85,60,70,80.8,79.5,79.2,76.46300000000001
D2: Executive Level Operations,LDP2555,LDP 100,Lentz,,Johnie,DIRECTOR - INFORMATION TECHNOLOGY,j.lentz56@anondomain.com,2025-02-21,01:29:03,123,82,83,94,82,78,96,68,63,50,100,96,88,100,87,88,100,82,92,90,76,88,69,82,82,LDP 100,Youssef,,Shaher,2025-02-21,02:06:47,The Mentoring Leader,The Empowering Delegator,60.0,93,94,100,96,100,95,92,97,100,96,96,91,94,100,100,94,95,92,98,97,100,92,84,98,95,97,100,100,100,92,86,92,93,100,88,97,94,100,90,93,95,90,93.6,98.5,92.0,88.645
D3: Senior Management - Operations and Logistics,LDP3422,LDP 100,Crow,,Timothy,CORPORATE HR OPERATIONS MANAGER,t.crow42@anondomain.com,2025-03-01,02:02:34,126,83,80,92,89,82,92,86,58,4,90,92,44,96,92,80,100,92,96,76,82,90,100,84,92,LDP 100,Alhemaid,,Aisha,2025-03-02,02:48:17,The Mentoring Leader,The Empowering Delegator,50.0,91,89,100,98,83,95,96,92,98,91,90,83,86,100,96,97,98,100,100,97,100,92,92,93,93,94,84,96,100,92,92,92,91,100,88,97,93,97,86,93,91,93,91.2,95.5,93.2,88.203
D9: Corporate Governance and Compliance,LDP9482,LDP 100,Enlow,,Jeannie,DIRECTOR - INTERNAL AUDIT,j.enlow59@anondomain.com,2025-02-23,01:05:27,81,49,66,58,68,56,68,64,0,32,90,62,44,50,78,10,94,56,62,68,64,73,75,72,78,LDP 100,Alamoais,,Shihab,2025-02-23,02:56:11,The Visionary Leader,The Empowering Delegator,0.0,72,74,75,87,78,76,68,80,98,89,82,74,90,80,81,73,68,71,66,80,82,73,56,75,59,63,89,83,84,72,72,56,79,83,70,67,60,82,46,60,51,60,81.0,75.6,73.0,67.54599999999999
D4: Logistics and Site Management,LDP4202,LDP 100,Taylor,,Carmen,LOGISTICS & ACCOMMODATION MANAGER,c.taylor44@anondomain.com,2025-03-08,00:49:39,110,70,68,76,82,56,62,66,57,28,94,72,34,76,52,77,100,82,92,82,82,93,94,84,52,LDP 100,Chedid,,Elie,2025-02-15,01:50:42,The Mentoring Leader,The Empowering Delegator,30.0,83,79,90,94,83,86,86,77,98,86,87,73,89,90,95,91,96,89,90,97,80,92,92,86,98,81,64,86,96,78,92,80,79,51,71,85,83,92,84,90,79,79,90.0,78.75,84.8,79.5695
D10: Financial and Risk Control,LDP1022,LDP 100,Byron,,Joanie,ACCOUNTS PAYABLE MANAGER,j.byron79@anondomain.com,2025-03-15,01:45:45,117,76,76,72,85,70,86,50,86,26,100,78,54,41,80,67,100,86,100,68,90,95,100,66,75,LDP 100,El Kholy,,Mohamed,45731,0.113287037037037,The Mentoring Leader,The Empowering Delegator,50.0,81,81,100,100,70,95,100,78,54,91,79,64,91,90,84,80,98,92,73,97,66,47,100,86,93,94,73,90,76,84,72,86,98,86,71,93,82,80,86,97,75,80,83.5,83.4,89.4,80.60999999999999
D5: Engineering and Technical Management,LDP5388,LDP 100,Turley,,Ivonne,CONSTRUCTION MANAGER-CIVIL,i.turley91@anondomain.com,2025-03-16,00:51:09,117,77,76,80,87,88,72,64,57,10,100,72,44,55,80,83,100,96,78,82,96,85,88,86,83,LDP 100,Alshehri,,Majd,2025-03-16,02:13:47,The Middle of the Road Leader,The Empowering Delegator,10.0,75,72,83,74,62,88,84,70,69,82,76,86,60,90,72,72,76,79,68,83,52,74,56,80,76,79,80,94,74,78,88,72,81,86,66,83,73,80,69,68,74,73,83.8,72.25,80.6,77.5665
D9: Corporate Governance and Compliance,LDP9999,LDP 100,Hart,,William,GOVERNMENT RELATION MANAGER,w.hart19@anondomain.com,2025-03-17,02:38:02,93,58,67,69,65,34,56,38,67,20,54,72,60,44,80,51,100,60,72,78,44,83,50,46,88,LDP 100,Alabdullah,,Qassem,2025-03-17,03:25:03,The Hands-off Leader,The Self-conscious Delegator,10.0,69,62,60,70,78,74,84,75,74,89,74,59,81,76,78,75,78,80,75,93,62,66,68,73,74,57,69,80,80,67,62,58,63,60,83,72,71,75,64,78,63,66,66.75,70.8,69.8,65.175
D11: Corporate Strategy and Business Development,LDP1111,LDP 100,Smullen,,William,DIRECTOR - BUSINESS DEVELOPMENT & STRATEGIC PARTNERSHIPS,w.smullen81@anondomain.com,2025-03-17,01:08:33,129,85,89,90,89,84,86,84,69,16,100,96,76,84,87,88,100,84,82,96,92,100,81,100,78,LDP 100,Alshareef,,Mohammed,2025-03-17,01:39:16,The Mentoring Leader,The Empowering Delegator,90.0,93,83,100,98,87,100,100,83,100,98,95,91,91,100,100,98,100,94,100,100,100,98,100,98,100,100,94,100,100,95,100,96,97,100,83,100,100,100,100,100,100,100,98.4,99.5,100.0,92.615
D2: Executive Level Operations,LDP2244,LDP 100,Jackson,,Susan,DIRECTOR - ENGINEERING,s.jackson69@anondomain.com,2025-03-17,01:42:22,135,90,98,82,95,100,100,92,78,0,94,100,96,80,77,71,100,100,100,90,100,93,94,100,80,LDP 100,Charbel,,Kamal,2025-02-23,02:43:31,The Mentoring Leader,The Empowering Delegator,40.0,93,99,100,100,100,100,100,100,88,100,86,88,74,94,95,94,100,98,95,92,80,90,100,94,98,100,84,89,100,92,92,76,97,83,100,100,97,97,93,100,94,97,95.8,85.5,96.4,90.171
D3: Senior Management - Operations and Logistics,LDP3365,LDP 100,Riggan,,Minnie,SR.PROJECT MANAGER-INDUSTRIAL,m.riggan55@anondomain.com,2025-02-03,00:44:24,90,53,74,55,79,50,100,68,0,8,100,76,30,46,72,0,100,78,82,66,90,95,75,68,75,LDP 100,Mocled,,Ralph,2025-03-17,02:02:07,The Mentoring Leader,The Empowering Delegator,20.0,89,88,92,98,87,93,96,95,66,95,84,84,91,100,76,90,92,90,73,97,90,91,100,88,80,84,90,93,92,91,96,76,98,93,91,88,85,82,71,97,85,89,88.8,87.0,87.4,75.976
D5: Engineering and Technical Management,LDP5355,LDP 100,Mejia,,Will,ENGINEERING MANAGER,w.mejia19@anondomain.com,2025-03-18,01:23:27,107,63,63,72,82,46,96,46,53,56,100,80,30,63,85,69,70,90,96,50,80,88,88,80,88,LDP 100,Malkawi,,Mohammad,2025-03-17,04:47:05,The Go-Getter Leader,The Authoritarian Delegator,20.0,71,71,68,70,83,83,92,100,59,90,73,77,63,64,85,65,75,66,49,80,50,61,82,67,75,66,49,86,62,74,72,56,86,59,83,93,82,82,76,87,90,79,84.0,62.75,75.4,72.7635
D5: Engineering and Technical Management,LDP5932,LDP 100,Colindres,,Patricia,DESIGN MANAGER-ARCHITECT,p.colindres65@anondomain.com,2025-03-17,01:14:37,111,76,70,79,79,68,84,72,58,38,100,56,60,69,75,82,90,68,82,82,82,88,81,72,78,LDP 100,Aboul Hosn,,Rami,2025-03-16,01:42:29,The Go-Getter Leader,The Empowering Delegator,30.0,77,81,72,76,92,79,72,92,79,96,77,61,90,90,81,72,69,70,80,97,80,49,72,78,70,66,89,87,84,82,72,80,91,77,83,88,75,82,76,82,60,79,85.2,80.5,79.8,78.447
D5: Engineering and Technical Management,LDP5882,LDP 100,Mosley,,Mildred,ENGINEERING MANAGER,m.mosley89@anondomain.com,2025-03-18,01:44:59,122,78,85,81,90,84,66,84,62,4,100,80,64,71,80,73,100,84,100,80,96,100,88,88,83,LDP 100,Shekhani,,Wissam,2025-03-17,03:04:51,The Mentoring Leader,The Empowering Delegator,20.0,87,83,100,100,80,98,100,88,78,91,95,92,89,100,100,92,98,96,85,93,88,94,88,86,95,91,69,86,88,89,92,88,93,86,86,97,88,87,81,100,88,84,90.2,88.25,89.8,85.27449999999999
D11: Corporate Strategy and Business Development,LDP1148,LDP 100,Lavoy,,Matthew,COMMERCIAL MANAGER,m.lavoy28@anondomain.com,2025-03-16,01:03:26,121,78,82,79,89,86,74,36,87,0,100,84,44,56,75,83,100,82,90,90,78,93,100,100,78,LDP 100,Issa,,Yousef,2025-03-16,02:45:57,The Go-Getter Leader,The Empowering Delegator,40.0,85,82,100,89,88,100,96,97,89,89,86,80,84,100,93,86,100,89,91,97,52,75,100,93,98,100,88,81,100,86,100,80,90,89,79,88,86,88,79,97,78,89,95.4,84.5,99.0,86.47500000000001
"D8: Health, Safety, and Security",LDP8832,LDP 100,Starnes,,Allison,SECURITY MANAGER,a.starnes75@anondomain.com,2025-03-18,01:50:16,102,64,74,68,72,62,74,70,58,10,90,62,54,59,88,39,84,82,70,76,56,75,69,82,68,LDP 100,Alsamail,,Hassan,2025-03-18,02:25:16,The Hands-off Leader,The Empowering Delegator,0.0,66,62,87,64,37,65,74,37,54,79,73,73,67,90,76,70,87,73,53,82,50,64,74,67,73,74,48,76,76,62,70,28,77,40,53,82,67,65,69,65,81,50,72.25,62.4,64.6,66.993
D3: Senior Management - Operations and Logistics,LDP3299,LDP 100,Wiley,,Margaret,SR. PROJECT MANAGER-INDUSTRIAL,m.wiley49@anondomain.com,2025-03-19,01:22:08,123,80,85,83,87,66,96,72,67,12,100,100,54,61,92,81,100,92,100,68,84,93,94,76,92,LDP 100,Alshehri,,Faisal,45735,0.1044444444444445,The Go-Getter Leader,The Empowering Delegator,40.0,81,83,92,98,75,98,100,83,81,91,75,61,76,90,80,83,94,92,75,100,72,62,96,85,100,100,60,87,80,81,96,66,100,71,64,88,82,67,86,100,79,94,88.0,81.5,90.4,83.25099999999999
D5: Engineering and Technical Management,LDP5453,LDP 100,Munoz,,Jerry,PRE-COMMISSIONING MANAGER,j.munoz49@anondomain.com,2025-03-21,01:24:46,126,79,93,89,88,80,66,80,65,20,100,96,96,88,87,93,90,68,86,100,86,93,88,96,87,LDP 100,AZZAM,,AHMED,2025-01-31,01:32:04,The Go-Getter Leader,The Empowering Delegator,40.0,80,77,97,83,80,98,100,83,75,88,88,92,80,90,90,76,90,79,74,85,68,59,88,84,88,90,70,86,96,80,66,70,90,79,84,88,83,78,89,97,73,83,84.2,79.25,84.2,81.8805
D7: Corporate Quality Assurance and Control,LDP7329,LDP 100,Bell,,Judy,CORPORATE SUSTAINABILITY MANAGER,j.bell18@anondomain.com,2025-03-20,01:18:24,115,75,74,78,82,62,92,72,68,30,100,76,50,75,82,65,90,72,78,82,82,88,100,72,82,LDP 100,Bakir,,Maya,2025-03-21,02:36:17,The Mentoring Leader,The Empowering Delegator,0.0,87,86,93,93,80,95,92,92,100,93,91,89,83,100,95,90,93,90,85,97,86,91,84,88,90,86,83,93,92,89,88,86,90,86,96,93,87,82,83,97,86,87,90.75,88.0,87.4,83.171
D5: Engineering and Technical Management,LDP5914,LDP 100,Noonkester,,Leona,CONSTRUCTION MANAGER-INDUSTRIAL,l.noonkester10@anondomain.com,2025-03-22,01:14:35,114,68,73,82,84,60,66,64,58,28,100,78,44,80,87,73,90,84,78,72,84,85,94,72,100,LDP 100,Almisbah,,Muqdad,2025-03-21,01:50:43,The Go-Getter Leader,The Empowering Delegator,10.0,78,74,82,78,80,85,78,88,73,85,81,72,87,100,81,85,84,90,88,82,92,87,78,76,83,63,69,86,74,85,78,86,84,89,89,90,74,72,73,87,76,70,81.6,81.75,76.8,78.15950000000001
D5: Engineering and Technical Management,LDP5733,LDP 100,Mancini,,Larry,SR. ENGINEERING MANAGER - PROJECT,l.mancini86@anondomain.com,2025-03-22,01:17:17,137,87,98,92,96,100,90,96,58,0,100,100,92,100,92,80,96,100,96,96,100,93,100,100,87,LDP 100,Haidar,,Mazen,2025-03-22,01:22:50,The Mentoring Leader,The Empowering Delegator,60.0,89,81,100,94,95,98,100,92,98,96,97,94,93,100,100,97,96,98,98,90,96,100,92,93,95,100,84,89,100,84,100,90,82,76,73,93,96,93,97,100,98,93,97.2,90.25,91.8,91.5745
D7: Corporate Quality Assurance and Control,LDP7999,LDP 100,Garcia,,Sara,CORPORATE QA/QC MANAGER,s.garcia37@anondomain.com,2025-03-18,01:43:45,108,67,72,72,77,44,82,40,71,28,80,56,78,50,77,83,80,60,78,88,82,85,88,66,70,LDP 100,Sqair,,Mohammad Abusqair,2025-03-18,04:21:04,The Parental Leader,The Empowering Delegator,10.0,74,66,78,69,70,88,66,52,63,79,75,65,72,90,86,84,82,90,89,97,86,72,74,75,78,70,61,90,82,74,74,60,89,67,71,80,74,67,71,80,78,74,72.5,75.0,78.0,72.52
D3: Senior Management - Operations and Logistics,LDP3329,LDP 100,Mcgarry,,Jill,PROJECT CONTROL MANAGER,j.mcgarry54@anondomain.com,2025-03-27,00:30:06,102,63,66,72,75,66,62,36,63,38,100,66,38,46,88,58,94,28,96,70,68,83,100,66,88,LDP 100,Najjar,,Paul,2025-03-27,00:47:10,The Visionary Leader,The Empowering Delegator,30.0,74,72,90,83,70,88,84,92,71,76,79,52,82,100,90,79,82,79,76,93,62,84,74,70,69,90,53,73,54,76,80,58,84,89,71,75,73,85,76,75,70,64,83.4,81.25,77.6,75.4665
D3: Senior Management - Operations and Logistics,LDP3000,LDP 100,Woll,,Deborah,PROJECT MANAGER-CIVIL,d.woll16@anondomain.com,2025-03-25,00:04:48,67,43,50,46,46,62,44,60,29,56,50,56,50,53,67,33,30,56,46,44,40,53,50,30,48,LDP 100,Hefni Fathy,,Yosry,2025-03-25,00:53:54,The Visionary Leader,The Empowering Delegator,30.0,67,62,80,56,78,68,96,57,54,68,55,50,59,60,50,66,74,57,85,67,52,50,84,77,93,70,69,57,82,68,60,70,66,64,66,85,84,80,97,73,93,66,71.0,58.25,70.0,57.0325
D3: Senior Management - Operations and Logistics,LDP3019,LDP 100,Shirk,,Robert,PROJECT MANAGER-INDUSTRIAL,r.shirk38@anondomain.com,2025-03-26,01:34:31,105,67,72,70,79,68,74,40,58,12,70,92,40,59,60,62,100,74,76,78,92,83,88,82,60,LDP 100,Khater,,Mahmoud,2025-03-26,02:37:19,The Middle of the Road Leader,The Empowering Delegator,20.0,77,80,90,94,87,90,92,87,56,98,83,85,83,100,78,76,84,88,80,85,92,52,74,81,84,66,90,89,76,86,86,76,92,93,84,83,66,83,73,83,51,54,82.0,81.5,84.8,76.547
D4: Logistics and Site Management,LDP4011,LDP 100,Gomez,,Monique,SITE MANAGER-ELECTRICAL,m.gomez13@anondomain.com,2025-03-26,00:36:47,119,72,79,85,86,62,96,50,65,22,94,76,66,100,78,60,100,62,86,82,100,100,100,76,82,LDP 100,Jamal,,Rami,2025-03-26,01:11:07,The Mentoring Leader,The Empowering Delegator,40.0,88,88,100,100,92,100,100,100,100,95,92,90,86,100,95,86,96,87,70,100,72,85,96,89,94,97,83,80,86,92,92,92,89,86,96,100,87,72,83,100,91,89,90.6,93.0,90.6,85.66399999999999
D5: Engineering and Technical Management,LDP5422,LDP 100,Trowell,,Michael,CONSTRUCTION MANAGER-MEP,m.trowell14@anondomain.com,2025-03-27,01:11:50,114,74,74,69,91,76,96,52,63,8,100,70,36,34,82,59,100,92,100,78,100,93,100,78,87,LDP 100,Elkassir,,Maroun,2025-03-27,02:29:23,The Mentoring Leader,The Empowering Delegator,30.0,81,84,93,96,87,93,88,83,76,96,84,76,83,100,89,85,95,96,86,93,84,66,84,79,85,81,66,90,72,83,96,74,84,71,91,88,79,73,71,93,70,91,87.2,81.5,84.0,80.435
D13: Administrative and Support Services,LDP1355,LDP 100,Jong,,James,TRAVEL & TICKETING MANAGER,j.jong73@anondomain.com,2025-03-27,01:00:16,101,72,74,50,75,88,100,52,67,14,80,60,70,28,47,62,62,76,66,88,90,93,56,70,62,LDP 100,Thomas,,Abraham,2025-03-27,02:51:16,The Go-Getter Leader,The Empowering Delegator,70.0,76,70,97,77,67,94,84,83,75,91,78,64,71,90,91,73,85,53,74,87,78,67,96,85,85,91,69,100,84,84,100,68,86,57,100,100,77,62,97,93,83,60,84.0,77.4,77.8,74.456
